path	sibling	activeSelf	activeInHierarchy	anchorMin	anchorMax	pivot	anchoredPosition	sizeDelta	localScale	rectSize	componentState
SafeArea	0	True	True	(0.000, 0.000)	(1.000, 1.000)	(0.500, 0.500)	(0.000, 0.000)	(0.000, 0.000)	(1.000, 1.000, 1.000)	(1080.000, 2316.000)	none
SafeArea/ActionFeedback	13	False	False	(0.500, 0.510)	(0.500, 0.510)	(0.500, 0.500)	(0.000, 0.000)	(680.000, 106.000)	(1.000, 1.000, 1.000)	(680.000, 106.000)	Text[name=ActionFeedback,value=미션 · 준비 중,font=sans-serif-black,fontSize=46,align=MiddleCenter,raycast=True,color=RGBA(0.660, 0.820, 1.000, 1.000)]
SafeArea/ActionFeedbackSurface	12	False	False	(0.500, 0.510)	(0.500, 0.510)	(0.500, 0.500)	(0.000, 0.000)	(540.000, 88.000)	(1.000, 1.000, 1.000)	(540.000, 88.000)	Image[type=Simple,sprite=null,preserve=False,fill=1,raycast=False,color=RGBA(0.000, 0.000, 0.000, 0.000)]
SafeArea/ActionSurface	3	True	True	(0.500, 0.330)	(0.500, 0.330)	(0.500, 0.500)	(0.000, 0.000)	(560.000, 220.000)	(1.000, 1.000, 1.000)	(560.000, 220.000)	Image[type=Simple,sprite=null,preserve=False,fill=1,raycast=False,color=RGBA(0.000, 0.000, 0.000, 0.000)]
SafeArea/BlueprintCoreIcon	20	True	True	(0.500, 1.000)	(0.500, 1.000)	(0.500, 0.500)	(156.000, -189.000)	(48.000, 48.000)	(1.000, 1.000, 1.000)	(48.000, 48.000)	Image[type=Simple,sprite=,preserve=True,fill=1,raycast=False,color=RGBA(1.000, 1.000, 1.000, 1.000)]
SafeArea/BlueprintCoreValue	21	True	True	(0.500, 1.000)	(0.500, 1.000)	(0.500, 0.500)	(220.900, -189.000)	(76.000, 60.000)	(1.000, 1.000, 1.000)	(76.000, 60.000)	Text[name=BlueprintCoreValue,value=0,font=Noto Sans CJK KR,fontSize=26,align=MiddleLeft,raycast=True,color=RGBA(1.000, 1.000, 1.000, 1.000)]
SafeArea/BossChallengeButton	26	True	True	(0.500, 0.000)	(0.500, 0.000)	(0.500, 0.500)	(0.000, 650.000)	(322.000, 90.000)	(1.000, 1.000, 1.000)	(322.000, 90.000)	Image[type=Simple,sprite=,preserve=True,fill=1,raycast=True,color=RGBA(1.000, 1.000, 1.000, 1.000)];Button[interactable=True,target=BossChallengeButton]
SafeArea/BossChallengeButton/BossActionText	2	True	True	(0.500, 0.500)	(0.500, 0.500)	(0.500, 0.500)	(43.051, 0.000)	(209.897, 64.000)	(1.000, 1.000, 1.000)	(209.897, 64.000)	Text[name=BossActionText,value=보스\n도전,font=sans-serif-black,fontSize=25,align=MiddleCenter,raycast=True,color=RGBA(1.000, 1.000, 1.000, 1.000)]
SafeArea/BossChallengeButton/BossChallengeIcon	1	True	True	(0.000, 0.500)	(0.000, 0.500)	(0.500, 0.500)	(52.000, 0.000)	(76.000, 76.000)	(1.000, 1.000, 1.000)	(76.000, 76.000)	Image[type=Simple,sprite=,preserve=True,fill=1,raycast=False,color=RGBA(1.000, 1.000, 1.000, 1.000)]
SafeArea/BossChallengeButton/Label	0	False	False	(0.000, 0.000)	(1.000, 1.000)	(0.500, 0.500)	(0.000, 0.000)	(0.000, 0.000)	(1.000, 1.000, 1.000)	(322.000, 90.000)	Text[name=Label,value=,font=Noto Sans CJK KR,fontSize=27,align=MiddleCenter,raycast=True,color=RGBA(1.000, 1.000, 1.000, 1.000)]
SafeArea/BossWarningPanel	24	True	True	(0.500, 1.000)	(0.500, 1.000)	(0.500, 0.500)	(0.000, -560.000)	(300.000, 96.000)	(1.000, 1.000, 1.000)	(300.000, 96.000)	Image[type=Simple,sprite=,preserve=True,fill=1,raycast=False,color=RGBA(1.000, 1.000, 1.000, 1.000)]
SafeArea/BossWarningPanel/BossWarning	0	True	True	(0.500, 0.500)	(0.500, 0.500)	(0.500, 0.500)	(38.000, 0.000)	(202.000, 72.000)	(1.000, 1.000, 1.000)	(202.000, 72.000)	Text[name=BossWarning,value=보스 준비,font=Noto Sans CJK KR,fontSize=24,align=MiddleCenter,raycast=True,color=RGBA(1.000, 0.680, 0.580, 1.000)]
SafeArea/BottomNavigationBar	1	True	True	(0.500, 0.000)	(0.500, 0.000)	(0.500, 0.500)	(0.000, 120.000)	(948.000, 160.000)	(1.000, 1.000, 1.000)	(948.000, 160.000)	Image[type=Simple,sprite=,preserve=True,fill=1,raycast=False,color=RGBA(1.000, 1.000, 1.000, 1.000)]
SafeArea/BottomNavigationBar/EquipmentNavigation	0	True	True	(0.500, 0.500)	(0.500, 0.500)	(0.500, 0.500)	(-296.000, -28.000)	(144.000, 144.000)	(1.000, 1.000, 1.000)	(144.000, 144.000)	Image[type=Simple,sprite=null,preserve=False,fill=1,raycast=True,color=RGBA(0.000, 0.000, 0.000, 0.000)];Button[interactable=True,target=EquipmentNavigation]
SafeArea/BottomNavigationBar/EquipmentNavigation/Icon	1	True	True	(0.500, 0.500)	(0.500, 0.500)	(0.500, 0.500)	(0.000, 20.000)	(72.000, 72.000)	(1.000, 1.000, 1.000)	(72.000, 72.000)	Image[type=Simple,sprite=,preserve=True,fill=1,raycast=False,color=RGBA(1.000, 1.000, 1.000, 1.000)]
SafeArea/BottomNavigationBar/EquipmentNavigation/Label	0	False	False	(0.000, 0.000)	(1.000, 1.000)	(0.500, 0.500)	(0.000, 0.000)	(0.000, 0.000)	(1.000, 1.000, 1.000)	(144.000, 144.000)	Text[name=Label,value=,font=Noto Sans CJK KR,fontSize=27,align=MiddleCenter,raycast=True,color=RGBA(1.000, 1.000, 1.000, 1.000)]
SafeArea/BottomNavigationBar/EquipmentNavigation/LockedIcon	2	False	False	(0.500, 0.500)	(0.500, 0.500)	(0.500, 0.500)	(31.000, 24.000)	(42.000, 42.000)	(1.000, 1.000, 1.000)	(42.000, 42.000)	Image[type=Simple,sprite=,preserve=True,fill=1,raycast=False,color=RGBA(1.000, 1.000, 1.000, 1.000)]
SafeArea/BottomNavigationBar/HomeNavigation	2	True	True	(0.500, 0.500)	(0.500, 0.500)	(0.500, 0.500)	(0.000, -13.000)	(144.000, 144.000)	(1.000, 1.000, 1.000)	(144.000, 144.000)	Image[type=Simple,sprite=null,preserve=False,fill=1,raycast=True,color=RGBA(0.000, 0.000, 0.000, 0.000)];Button[interactable=False,target=HomeNavigation]
SafeArea/BottomNavigationBar/HomeNavigation/Icon	1	True	True	(0.500, 0.500)	(0.500, 0.500)	(0.500, 0.500)	(0.000, 20.000)	(72.000, 72.000)	(1.000, 1.000, 1.000)	(72.000, 72.000)	Image[type=Simple,sprite=,preserve=True,fill=1,raycast=False,color=RGBA(1.000, 1.000, 1.000, 1.000)]
SafeArea/BottomNavigationBar/HomeNavigation/Label	0	False	False	(0.000, 0.000)	(1.000, 1.000)	(0.500, 0.500)	(0.000, 0.000)	(0.000, 0.000)	(1.000, 1.000, 1.000)	(144.000, 144.000)	Text[name=Label,value=,font=Noto Sans CJK KR,fontSize=27,align=MiddleCenter,raycast=True,color=RGBA(1.000, 1.000, 1.000, 1.000)]
SafeArea/BottomNavigationBar/MissionsNavigation	4	True	True	(0.500, 0.500)	(0.500, 0.500)	(0.500, 0.500)	(455.000, 1529.000)	(144.000, 144.000)	(1.000, 1.000, 1.000)	(144.000, 144.000)	Image[type=Simple,sprite=null,preserve=False,fill=1,raycast=True,color=RGBA(0.000, 0.000, 0.000, 0.000)];Button[interactable=True,target=MissionsNavigation]
SafeArea/BottomNavigationBar/MissionsNavigation/Icon	1	True	True	(0.500, 0.500)	(0.500, 0.500)	(0.500, 0.500)	(0.000, 20.000)	(93.600, 93.600)	(1.000, 1.000, 1.000)	(93.600, 93.600)	Image[type=Simple,sprite=,preserve=True,fill=1,raycast=False,color=RGBA(1.000, 1.000, 1.000, 1.000)]
SafeArea/BottomNavigationBar/MissionsNavigation/Label	0	False	False	(0.000, 0.000)	(1.000, 1.000)	(0.500, 0.500)	(0.000, 0.000)	(0.000, 0.000)	(1.000, 1.000, 1.000)	(144.000, 144.000)	Text[name=Label,value=,font=Noto Sans CJK KR,fontSize=27,align=MiddleCenter,raycast=True,color=RGBA(1.000, 1.000, 1.000, 1.000)]
SafeArea/BottomNavigationBar/MissionsNavigation/LockedIcon	2	False	False	(0.500, 0.500)	(0.500, 0.500)	(0.500, 0.500)	(31.000, 24.000)	(42.000, 42.000)	(1.000, 1.000, 1.000)	(42.000, 42.000)	Image[type=Simple,sprite=,preserve=True,fill=1,raycast=False,color=RGBA(1.000, 1.000, 1.000, 1.000)]
SafeArea/BottomNavigationBar/MuseumNavigation	3	True	True	(0.500, 0.500)	(0.500, 0.500)	(0.500, 0.500)	(162.000, -32.000)	(144.000, 144.000)	(1.000, 1.000, 1.000)	(144.000, 144.000)	Image[type=Simple,sprite=null,preserve=False,fill=1,raycast=True,color=RGBA(0.000, 0.000, 0.000, 0.000)];Button[interactable=True,target=MuseumNavigation]
SafeArea/BottomNavigationBar/MuseumNavigation/Icon	1	True	True	(0.500, 0.500)	(0.500, 0.500)	(0.500, 0.500)	(0.000, 20.000)	(72.000, 72.000)	(1.000, 1.000, 1.000)	(72.000, 72.000)	Image[type=Simple,sprite=,preserve=True,fill=1,raycast=False,color=RGBA(1.000, 1.000, 1.000, 1.000)]
SafeArea/BottomNavigationBar/MuseumNavigation/Label	0	False	False	(0.000, 0.000)	(1.000, 1.000)	(0.500, 0.500)	(0.000, 0.000)	(0.000, 0.000)	(1.000, 1.000, 1.000)	(144.000, 144.000)	Text[name=Label,value=,font=Noto Sans CJK KR,fontSize=27,align=MiddleCenter,raycast=True,color=RGBA(1.000, 1.000, 1.000, 1.000)]
SafeArea/BottomNavigationBar/MuseumNavigation/LockedIcon	2	False	False	(0.500, 0.500)	(0.500, 0.500)	(0.500, 0.500)	(31.000, 24.000)	(42.000, 42.000)	(1.000, 1.000, 1.000)	(42.000, 42.000)	Image[type=Simple,sprite=,preserve=True,fill=1,raycast=False,color=RGBA(1.000, 1.000, 1.000, 1.000)]
SafeArea/BottomNavigationBar/ResearchNavigation	1	True	True	(0.500, 0.500)	(0.500, 0.500)	(0.500, 0.500)	(-162.000, -28.000)	(144.000, 144.000)	(1.000, 1.000, 1.000)	(144.000, 144.000)	Image[type=Simple,sprite=null,preserve=False,fill=1,raycast=True,color=RGBA(0.000, 0.000, 0.000, 0.000)];Button[interactable=True,target=ResearchNavigation]
SafeArea/BottomNavigationBar/ResearchNavigation/Icon	1	True	True	(0.500, 0.500)	(0.500, 0.500)	(0.500, 0.500)	(0.000, 20.000)	(72.000, 72.000)	(1.000, 1.000, 1.000)	(72.000, 72.000)	Image[type=Simple,sprite=,preserve=True,fill=1,raycast=False,color=RGBA(1.000, 1.000, 1.000, 1.000)]
SafeArea/BottomNavigationBar/ResearchNavigation/Label	0	False	False	(0.000, 0.000)	(1.000, 1.000)	(0.500, 0.500)	(0.000, 0.000)	(0.000, 0.000)	(1.000, 1.000, 1.000)	(144.000, 144.000)	Text[name=Label,value=,font=Noto Sans CJK KR,fontSize=27,align=MiddleCenter,raycast=True,color=RGBA(1.000, 1.000, 1.000, 1.000)]
SafeArea/BottomNavigationBar/ResearchNavigation/LockedIcon	2	False	False	(0.500, 0.500)	(0.500, 0.500)	(0.500, 0.500)	(31.000, 24.000)	(42.000, 42.000)	(1.000, 1.000, 1.000)	(42.000, 42.000)	Image[type=Simple,sprite=,preserve=True,fill=1,raycast=False,color=RGBA(1.000, 1.000, 1.000, 1.000)]
SafeArea/BottomNavigationBar/ResearchNavigation/ResearchNotificationBadge	3	False	False	(1.000, 1.000)	(1.000, 1.000)	(0.500, 0.500)	(-18.000, -18.000)	(38.000, 38.000)	(1.000, 1.000, 1.000)	(38.000, 38.000)	Image[type=Simple,sprite=,preserve=True,fill=1,raycast=False,color=RGBA(1.000, 1.000, 1.000, 1.000)]
SafeArea/BottomNavigationBar/ShopNavigation	5	True	True	(0.500, 0.500)	(0.500, 0.500)	(0.500, 0.500)	(291.000, -28.000)	(144.000, 144.000)	(1.000, 1.000, 1.000)	(144.000, 144.000)	Image[type=Simple,sprite=null,preserve=False,fill=1,raycast=True,color=RGBA(0.000, 0.000, 0.000, 0.000)];Button[interactable=True,target=ShopNavigation]
SafeArea/BottomNavigationBar/ShopNavigation/Icon	1	True	True	(0.500, 0.500)	(0.500, 0.500)	(0.500, 0.500)	(0.000, 20.000)	(72.000, 72.000)	(1.000, 1.000, 1.000)	(72.000, 72.000)	Image[type=Simple,sprite=,preserve=True,fill=1,raycast=False,color=RGBA(1.000, 1.000, 1.000, 1.000)]
SafeArea/BottomNavigationBar/ShopNavigation/Label	0	False	False	(0.000, 0.000)	(1.000, 1.000)	(0.500, 0.500)	(0.000, 0.000)	(0.000, 0.000)	(1.000, 1.000, 1.000)	(144.000, 144.000)	Text[name=Label,value=,font=Noto Sans CJK KR,fontSize=27,align=MiddleCenter,raycast=True,color=RGBA(1.000, 1.000, 1.000, 1.000)]
SafeArea/BottomNavigationBar/ShopNavigation/LockedIcon	2	False	False	(0.500, 0.500)	(0.500, 0.500)	(0.500, 0.500)	(31.000, 24.000)	(42.000, 42.000)	(1.000, 1.000, 1.000)	(42.000, 42.000)	Image[type=Simple,sprite=,preserve=True,fill=1,raycast=False,color=RGBA(1.000, 1.000, 1.000, 1.000)]
SafeArea/ChapterInformationPanel	22	True	True	(0.500, 1.000)	(0.500, 1.000)	(0.500, 0.500)	(-168.000, -394.000)	(636.000, 188.000)	(1.000, 1.000, 1.000)	(636.000, 188.000)	Image[type=Simple,sprite=,preserve=True,fill=1,raycast=True,color=RGBA(1.000, 1.000, 1.000, 1.000)];Button[interactable=True,target=ChapterInformationPanel]
SafeArea/ChapterInformationPanel/ChapterStage	0	True	True	(0.500, 0.500)	(0.500, 0.500)	(0.500, 0.500)	(70.000, 34.000)	(430.000, 42.000)	(1.000, 1.000, 1.000)	(430.000, 42.000)	Text[name=ChapterStage,value=챕터 3  ·  스테이지 9/10,font=Noto Sans CJK KR,fontSize=25,align=MiddleLeft,raycast=True,color=RGBA(0.500, 0.920, 1.000, 1.000)]
SafeArea/ChapterInformationPanel/MineName	1	True	True	(0.500, 0.500)	(0.500, 0.500)	(0.500, 0.500)	(70.000, -22.400)	(430.000, 66.000)	(1.000, 1.000, 1.000)	(430.000, 66.000)	Text[name=MineName,value=고대 도시,font=Noto Sans CJK KR,fontSize=42,align=MiddleLeft,raycast=True,color=RGBA(1.000, 1.000, 1.000, 1.000)]
SafeArea/Credits	6	True	True	(0.500, 1.000)	(0.500, 1.000)	(0.500, 0.500)	(-55.000, -189.000)	(90.000, 60.000)	(1.000, 1.000, 1.000)	(90.000, 60.000)	Text[name=Credits,value=2.07M,font=Noto Sans CJK KR,fontSize=26,align=MiddleLeft,raycast=True,color=RGBA(1.000, 1.000, 1.000, 1.000)]
SafeArea/CreditsCurrencyIcon	5	True	True	(0.500, 1.000)	(0.500, 1.000)	(0.500, 0.500)	(-124.000, -192.000)	(48.000, 48.000)	(1.000, 1.000, 1.000)	(48.000, 48.000)	Image[type=Simple,sprite=,preserve=True,fill=1,raycast=False,color=RGBA(1.000, 1.000, 1.000, 1.000)]
SafeArea/Depth	8	True	True	(0.500, 1.000)	(0.500, 1.000)	(0.500, 0.500)	(83.000, -189.000)	(76.000, 60.000)	(1.000, 1.000, 1.000)	(76.000, 60.000)	Text[name=Depth,value=30,font=Noto Sans CJK KR,fontSize=26,align=MiddleLeft,raycast=True,color=RGBA(1.000, 1.000, 1.000, 1.000)]
SafeArea/DepthCurrencyIcon	7	True	True	(0.500, 1.000)	(0.500, 1.000)	(0.500, 0.500)	(17.500, -192.000)	(48.000, 48.000)	(1.000, 1.000, 1.000)	(48.000, 48.000)	Image[type=Simple,sprite=,preserve=True,fill=1,raycast=False,color=RGBA(1.000, 1.000, 1.000, 1.000)]
SafeArea/DrillButton	17	True	True	(0.500, 0.000)	(0.500, 0.000)	(0.500, 0.500)	(0.000, 420.000)	(302.000, 330.000)	(1.000, 1.000, 1.000)	(302.000, 330.000)	Image[type=Simple,sprite=,preserve=True,fill=1,raycast=True,color=RGBA(1.000, 1.000, 1.000, 1.000)];Button[interactable=True,target=DrillButton]
SafeArea/DrillButton/CostIcon	5	True	True	(0.500, 0.500)	(0.500, 0.500)	(0.500, 0.500)	(-60.200, -124.600)	(38.000, 38.000)	(1.000, 1.000, 1.000)	(38.000, 38.000)	Image[type=Simple,sprite=,preserve=True,fill=1,raycast=False,color=RGBA(1.000, 1.000, 1.000, 1.000)]
SafeArea/DrillButton/CostText	6	True	True	(0.500, 0.500)	(0.500, 0.500)	(0.500, 0.500)	(11.800, -120.700)	(140.000, 42.000)	(1.000, 1.000, 1.000)	(140.000, 42.000)	Text[name=CostText,value=<color=#FFD75A>16.8K</color>,font=Noto Sans CJK KR,fontSize=26,align=MiddleCenter,raycast=True,color=RGBA(1.000, 0.840, 0.350, 1.000)]
SafeArea/DrillButton/DrillIcon	1	True	True	(0.500, 0.500)	(0.500, 0.500)	(0.500, 0.500)	(0.000, 68.000)	(164.255, 140.790)	(1.000, 1.000, 1.000)	(164.255, 140.790)	RawImage[texture=26_DrillEquipmentIcon,uv=(x:0.00, y:0.00, width:1.00, height:1.00),raycast=False,color=RGBA(1.000, 1.000, 1.000, 1.000)]
SafeArea/DrillButton/Label	0	True	True	(0.500, 0.500)	(0.500, 0.500)	(0.500, 0.500)	(0.000, -35.000)	(250.000, 42.000)	(1.000, 1.000, 1.000)	(250.000, 42.000)	Text[name=Label,value=<color=#FFFFFF>Lv. 13</color>,font=Noto Sans CJK KR,fontSize=27,align=MiddleCenter,raycast=True,color=RGBA(1.000, 1.000, 1.000, 1.000)]
SafeArea/DrillButton/LevelPip1	2	False	False	(0.500, 0.000)	(0.500, 0.000)	(0.500, 0.500)	(-52.000, 196.000)	(44.000, 20.000)	(1.000, 1.000, 1.000)	(44.000, 20.000)	Image[type=Simple,sprite=,preserve=False,fill=1,raycast=True,color=RGBA(0.780, 0.380, 1.000, 1.000)]
SafeArea/DrillButton/LevelPip2	3	False	False	(0.500, 0.000)	(0.500, 0.000)	(0.500, 0.500)	(0.000, 196.000)	(44.000, 20.000)	(1.000, 1.000, 1.000)	(44.000, 20.000)	Image[type=Simple,sprite=,preserve=False,fill=1,raycast=True,color=RGBA(0.035, 0.080, 0.180, 0.950)]
SafeArea/DrillButton/LevelPip3	4	False	False	(0.500, 0.000)	(0.500, 0.000)	(0.500, 0.500)	(52.000, 196.000)	(44.000, 20.000)	(1.000, 1.000, 1.000)	(44.000, 20.000)	Image[type=Simple,sprite=,preserve=False,fill=1,raycast=True,color=RGBA(0.035, 0.080, 0.180, 0.950)]
SafeArea/DrillButton/RecommendationBadge	8	False	False	(1.000, 1.000)	(1.000, 1.000)	(0.500, 0.500)	(-34.000, -34.000)	(54.000, 54.000)	(1.000, 1.000, 1.000)	(54.000, 54.000)	Image[type=Simple,sprite=,preserve=True,fill=1,raycast=False,color=RGBA(1.000, 1.000, 1.000, 1.000)]
SafeArea/DrillButton/UpgradeAction	7	True	True	(0.500, 0.500)	(0.500, 0.500)	(0.500, 0.500)	(101.000, -128.000)	(48.000, 48.000)	(1.000, 1.000, 1.000)	(48.000, 48.000)	Image[type=Simple,sprite=null,preserve=False,fill=1,raycast=True,color=RGBA(0.000, 0.000, 0.000, 0.000)]
SafeArea/DrillButton/UpgradeAction/UpgradeArrow	0	True	True	(0.500, 0.500)	(0.500, 0.500)	(0.500, 0.500)	(0.000, 0.000)	(46.000, 46.000)	(1.000, 1.000, 1.000)	(46.000, 46.000)	Image[type=Simple,sprite=,preserve=True,fill=1,raycast=False,color=RGBA(1.000, 1.000, 1.000, 1.000)]
SafeArea/MineButton	15	True	True	(0.500, 0.000)	(0.500, 0.000)	(0.500, 0.500)	(0.000, 843.000)	(450.000, 186.000)	(1.000, 1.000, 1.000)	(450.000, 186.000)	Image[type=Simple,sprite=,preserve=True,fill=1,raycast=True,color=RGBA(1.000, 1.000, 1.000, 1.000)];Button[interactable=True,target=MineButton]
SafeArea/MineButton/Label	0	False	False	(0.000, 0.000)	(1.000, 1.000)	(0.500, 0.500)	(0.000, 0.000)	(0.000, 0.000)	(1.000, 1.000, 1.000)	(450.000, 186.000)	Text[name=Label,value=,font=Noto Sans CJK KR,fontSize=27,align=MiddleCenter,raycast=True,color=RGBA(1.000, 1.000, 1.000, 1.000)]
SafeArea/MineButton/MineIcon	1	True	True	(0.500, 0.500)	(0.500, 0.500)	(0.500, 0.500)	(0.000, 0.000)	(78.912, 85.248)	(1.000, 1.000, 1.000)	(78.912, 85.248)	RawImage[texture=19_MinePickaxeIcon,uv=(x:0.00, y:0.00, width:1.00, height:1.00),raycast=False,color=RGBA(1.000, 1.000, 1.000, 1.000)]
SafeArea/MinerRankButton	4	True	True	(0.500, 1.000)	(0.500, 1.000)	(0.500, 0.500)	(-231.900, -185.000)	(184.000, 104.000)	(1.000, 1.000, 1.000)	(184.000, 104.000)	Image[type=Simple,sprite=null,preserve=False,fill=1,raycast=True,color=RGBA(0.000, 0.000, 0.000, 0.000)];Button[interactable=True,target=MinerRankButton]
SafeArea/MinerRankButton/Label	0	False	False	(0.000, 0.000)	(1.000, 1.000)	(0.500, 0.500)	(0.000, 0.000)	(0.000, 0.000)	(1.000, 1.000, 1.000)	(184.000, 104.000)	Text[name=Label,value=,font=Noto Sans CJK KR,fontSize=27,align=MiddleCenter,raycast=True,color=RGBA(1.000, 1.000, 1.000, 1.000)]
SafeArea/MinerRankButton/MinerExperience	2	True	True	(0.500, 0.500)	(0.500, 0.500)	(0.500, 0.500)	(0.000, 0.000)	(140.000, 32.000)	(1.000, 1.000, 1.000)	(140.000, 32.000)	Text[name=MinerExperience,value=225 / 1.15K XP,font=Noto Sans CJK KR,fontSize=18,align=MiddleCenter,raycast=True,color=RGBA(1.000, 1.000, 1.000, 1.000)]
SafeArea/MinerRankButton/MinerExperienceIcon	4	True	True	(0.500, 0.500)	(0.500, 0.500)	(0.500, 0.500)	(-60.200, -4.900)	(48.000, 48.000)	(1.000, 1.000, 1.000)	(48.000, 48.000)	Image[type=Simple,sprite=,preserve=True,fill=1,raycast=False,color=RGBA(1.000, 1.000, 1.000, 1.000)]
SafeArea/MinerRankButton/MinerExperienceTrack	3	True	True	(0.500, 0.500)	(0.500, 0.500)	(0.500, 0.500)	(0.000, 23.000)	(140.000, 18.000)	(1.000, 1.000, 1.000)	(140.000, 18.000)	Image[type=Simple,sprite=null,preserve=False,fill=1,raycast=False,color=RGBA(0.010, 0.040, 0.100, 0.950)]
SafeArea/MinerRankButton/MinerExperienceTrack/MinerExperienceProgress	0	True	True	(0.000, 0.500)	(0.000, 0.500)	(0.000, 0.500)	(7.000, 0.000)	(31.441, 10.000)	(1.000, 1.000, 1.000)	(31.441, 10.000)	Image[type=Simple,sprite=null,preserve=False,fill=1,raycast=False,color=RGBA(0.120, 0.840, 1.000, 1.000)]
SafeArea/MinerRankButton/MinerRank	1	True	True	(0.500, 0.500)	(0.500, 0.500)	(0.500, 0.500)	(-146.300, -86.700)	(142.000, 42.000)	(1.000, 1.000, 1.000)	(142.000, 42.000)	Text[name=MinerRank,value=광부 Lv. 76,font=sans-serif-black,fontSize=24,align=MiddleCenter,raycast=True,color=RGBA(1.000, 1.000, 1.000, 1.000)]
SafeArea/OfflineRewardSurface	10	True	True	(0.500, 0.000)	(0.500, 0.000)	(0.500, 0.500)	(-363.000, 843.000)	(246.000, 186.000)	(1.000, 1.000, 1.000)	(246.000, 186.000)	Image[type=Simple,sprite=,preserve=True,fill=1,raycast=True,color=RGBA(1.000, 1.000, 1.000, 1.000)]
SafeArea/OfflineRewardSurface/OfflineChestIcon	2	True	True	(0.500, 0.500)	(0.500, 0.500)	(0.500, 0.500)	(0.000, 8.000)	(112.000, 92.000)	(1.000, 1.000, 1.000)	(112.000, 92.000)	Image[type=Simple,sprite=,preserve=True,fill=1,raycast=False,color=RGBA(1.000, 1.000, 1.000, 1.000)]
SafeArea/OfflineRewardSurface/OfflineReward	0	True	True	(0.500, 0.500)	(0.500, 0.500)	(0.500, 0.500)	(0.000, -56.000)	(202.000, 50.000)	(1.000, 1.000, 1.000)	(202.000, 50.000)	Text[name=OfflineReward,value=1분\n+2.1K,font=Noto Sans CJK KR,fontSize=18,align=MiddleCenter,raycast=True,color=RGBA(0.450, 0.950, 0.700, 1.000)]
SafeArea/OfflineRewardSurface/OfflineRewardTitle	1	True	True	(0.500, 0.500)	(0.500, 0.500)	(0.500, 0.500)	(0.000, 70.000)	(202.000, 36.000)	(1.000, 1.000, 1.000)	(202.000, 36.000)	Text[name=OfflineRewardTitle,value=방치 보상,font=Noto Sans CJK KR,fontSize=18,align=MiddleCenter,raycast=True,color=RGBA(1.000, 1.000, 1.000, 1.000)]
SafeArea/PickaxeButton	16	True	True	(0.500, 0.000)	(0.500, 0.000)	(0.500, 0.500)	(-327.000, 420.000)	(302.000, 330.000)	(1.000, 1.000, 1.000)	(302.000, 330.000)	Image[type=Simple,sprite=,preserve=True,fill=1,raycast=True,color=RGBA(1.000, 1.000, 1.000, 1.000)];Button[interactable=True,target=PickaxeButton]
SafeArea/PickaxeButton/CostIcon	5	True	True	(0.500, 0.500)	(0.500, 0.500)	(0.500, 0.500)	(-60.200, -124.600)	(38.000, 38.000)	(1.000, 1.000, 1.000)	(38.000, 38.000)	Image[type=Simple,sprite=,preserve=True,fill=1,raycast=False,color=RGBA(1.000, 1.000, 1.000, 1.000)]
SafeArea/PickaxeButton/CostText	6	True	True	(0.500, 0.500)	(0.500, 0.500)	(0.500, 0.500)	(11.800, -120.700)	(140.000, 42.000)	(1.000, 1.000, 1.000)	(140.000, 42.000)	Text[name=CostText,value=<color=#FFD75A>6.72K</color>,font=Noto Sans CJK KR,fontSize=26,align=MiddleCenter,raycast=True,color=RGBA(1.000, 0.840, 0.350, 1.000)]
SafeArea/PickaxeButton/Label	0	True	True	(0.500, 0.500)	(0.500, 0.500)	(0.500, 0.500)	(0.000, -35.000)	(250.000, 42.000)	(1.000, 1.000, 1.000)	(250.000, 42.000)	Text[name=Label,value=<color=#FFFFFF>Lv. 13</color>,font=Noto Sans CJK KR,fontSize=27,align=MiddleCenter,raycast=True,color=RGBA(1.000, 1.000, 1.000, 1.000)]
SafeArea/PickaxeButton/LevelPip1	2	False	False	(0.500, 0.000)	(0.500, 0.000)	(0.500, 0.500)	(-52.000, 196.000)	(44.000, 20.000)	(1.000, 1.000, 1.000)	(44.000, 20.000)	Image[type=Simple,sprite=,preserve=False,fill=1,raycast=True,color=RGBA(0.280, 0.720, 1.000, 1.000)]
SafeArea/PickaxeButton/LevelPip2	3	False	False	(0.500, 0.000)	(0.500, 0.000)	(0.500, 0.500)	(0.000, 196.000)	(44.000, 20.000)	(1.000, 1.000, 1.000)	(44.000, 20.000)	Image[type=Simple,sprite=,preserve=False,fill=1,raycast=True,color=RGBA(0.035, 0.080, 0.180, 0.950)]
SafeArea/PickaxeButton/LevelPip3	4	False	False	(0.500, 0.000)	(0.500, 0.000)	(0.500, 0.500)	(52.000, 196.000)	(44.000, 20.000)	(1.000, 1.000, 1.000)	(44.000, 20.000)	Image[type=Simple,sprite=,preserve=False,fill=1,raycast=True,color=RGBA(0.035, 0.080, 0.180, 0.950)]
SafeArea/PickaxeButton/PickaxeIcon	1	True	True	(0.500, 0.500)	(0.500, 0.500)	(0.500, 0.500)	(0.000, 68.000)	(144.000, 156.000)	(1.000, 1.000, 1.000)	(144.000, 156.000)	RawImage[texture=25_PickaxeEquipmentIcon,uv=(x:0.00, y:0.00, width:1.00, height:1.00),raycast=False,color=RGBA(1.000, 1.000, 1.000, 1.000)]
SafeArea/PickaxeButton/RecommendationBadge	8	True	True	(1.000, 1.000)	(1.000, 1.000)	(0.500, 0.500)	(-34.000, -34.000)	(54.000, 54.000)	(1.000, 1.000, 1.000)	(54.000, 54.000)	Image[type=Simple,sprite=,preserve=True,fill=1,raycast=False,color=RGBA(1.000, 1.000, 1.000, 1.000)]
SafeArea/PickaxeButton/UpgradeAction	7	True	True	(0.500, 0.500)	(0.500, 0.500)	(0.500, 0.500)	(101.000, -128.000)	(48.000, 48.000)	(1.000, 1.000, 1.000)	(48.000, 48.000)	Image[type=Simple,sprite=null,preserve=False,fill=1,raycast=True,color=RGBA(0.000, 0.000, 0.000, 0.000)]
SafeArea/PickaxeButton/UpgradeAction/UpgradeArrow	0	True	True	(0.500, 0.500)	(0.500, 0.500)	(0.500, 0.500)	(0.000, 0.000)	(46.000, 46.000)	(1.000, 1.000, 1.000)	(46.000, 46.000)	Image[type=Simple,sprite=,preserve=True,fill=1,raycast=False,color=RGBA(1.000, 1.000, 1.000, 1.000)]
SafeArea/PortraitFrame	19	True	True	(0.500, 1.000)	(0.500, 1.000)	(0.500, 0.500)	(-379.500, -191.500)	(144.000, 144.000)	(1.000, 1.000, 1.000)	(144.000, 144.000)	Image[type=Simple,sprite=,preserve=True,fill=1,raycast=False,color=RGBA(1.000, 1.000, 1.000, 1.000)]
SafeArea/PortraitFrame/MinerPortrait	0	True	True	(0.500, 0.500)	(0.500, 0.500)	(0.500, 0.500)	(0.000, 0.000)	(108.000, 108.000)	(1.000, 1.000, 1.000)	(108.000, 108.000)	Image[type=Simple,sprite=,preserve=True,fill=1,raycast=False,color=RGBA(1.000, 1.000, 1.000, 1.000)]
SafeArea/PowerComparisonPanel	23	True	True	(0.500, 1.000)	(0.500, 1.000)	(0.500, 0.500)	(333.000, -394.000)	(306.000, 188.000)	(1.000, 1.000, 1.000)	(306.000, 188.000)	Image[type=Simple,sprite=,preserve=True,fill=1,raycast=False,color=RGBA(1.000, 1.000, 1.000, 1.000)]
SafeArea/PowerComparisonPanel/PowerLabel	1	True	True	(0.500, 0.500)	(0.500, 0.500)	(0.500, 0.500)	(38.000, 58.000)	(196.000, 30.000)	(1.000, 1.000, 1.000)	(196.000, 30.000)	Text[name=PowerLabel,value=전투력,font=Noto Sans CJK KR,fontSize=19,align=MiddleCenter,raycast=True,color=RGBA(1.000, 1.000, 1.000, 1.000)]
SafeArea/PowerComparisonPanel/PowerValue	0	True	True	(0.500, 0.500)	(0.500, 0.500)	(0.500, 0.500)	(28.000, 8.000)	(220.000, 72.000)	(1.000, 1.000, 1.000)	(220.000, 72.000)	Text[name=PowerValue,value=171.93,font=Noto Sans CJK KR,fontSize=43,align=MiddleCenter,raycast=True,color=RGBA(1.000, 1.000, 1.000, 1.000)]
SafeArea/PowerComparisonPanel/RecommendedPower	2	True	True	(0.500, 0.500)	(0.500, 0.500)	(0.500, 0.500)	(18.000, -50.000)	(236.000, 34.000)	(1.000, 1.000, 1.000)	(236.000, 34.000)	Text[name=RecommendedPower,value=권장 26,font=Noto Sans CJK KR,fontSize=18,align=MiddleCenter,raycast=True,color=RGBA(1.000, 0.760, 0.300, 1.000)]
SafeArea/ProgressBackground	14	True	True	(0.500, 0.000)	(0.500, 0.000)	(0.500, 0.500)	(0.000, 1014.000)	(560.000, 86.000)	(1.000, 1.000, 1.000)	(560.000, 86.000)	Image[type=Simple,sprite=,preserve=True,fill=1,raycast=True,color=RGBA(1.000, 1.000, 1.000, 1.000)]
SafeArea/ProgressBackground/ChapterStatus	0	False	False	(0.500, 0.500)	(0.500, 0.500)	(0.500, 0.500)	(0.000, 66.000)	(600.000, 52.000)	(1.000, 1.000, 1.000)	(600.000, 52.000)	Text[name=ChapterStatus,value=챕터 3  •  보스 준비  •  70.74/26  ▾,font=sans-serif-black,fontSize=30,align=MiddleCenter,raycast=True,color=RGBA(1.000, 1.000, 1.000, 1.000)];Button[interactable=True,target=ChapterStatus]
SafeArea/ProgressBackground/OreHealthLabel	2	True	True	(0.500, 0.500)	(0.500, 0.500)	(0.500, 0.500)	(0.000, 64.000)	(270.000, 38.000)	(1.000, 1.000, 1.000)	(270.000, 38.000)	Text[name=OreHealthLabel,value=광석 내구도,font=Noto Sans CJK KR,fontSize=24,align=MiddleCenter,raycast=True,color=RGBA(1.000, 1.000, 1.000, 1.000)]
SafeArea/ProgressBackground/OreHealthValue	3	True	True	(0.500, 0.500)	(0.500, 0.500)	(0.500, 0.500)	(0.000, 0.000)	(430.000, 40.000)	(1.000, 1.000, 1.000)	(430.000, 40.000)	Text[name=OreHealthValue,value=71.91 / 188,font=Noto Sans CJK KR,fontSize=24,align=MiddleCenter,raycast=False,color=RGBA(1.000, 1.000, 1.000, 1.000)]
SafeArea/ProgressBackground/ProgressTrack	1	True	True	(0.500, 0.500)	(0.500, 0.500)	(0.500, 0.500)	(0.000, 0.000)	(520.000, 46.000)	(1.000, 1.000, 1.000)	(520.000, 46.000)	Image[type=Simple,sprite=null,preserve=False,fill=1,raycast=False,color=RGBA(0.000, 0.000, 0.000, 0.000)]
SafeArea/ProgressBackground/ProgressTrack/ProgressFill	0	True	True	(0.000, 0.500)	(0.000, 0.500)	(0.000, 0.500)	(16.000, 0.000)	(488.000, 53.000)	(1.000, 1.000, 1.000)	(488.000, 53.000)	Image[type=Filled,sprite=,preserve=False,fill=0.38248,raycast=False,color=RGBA(1.000, 1.000, 1.000, 1.000)]
SafeArea/ResearchShortcut	25	True	True	(0.500, 0.000)	(0.500, 0.000)	(0.500, 0.500)	(363.000, 843.000)	(246.000, 186.000)	(1.000, 1.000, 1.000)	(246.000, 186.000)	Image[type=Simple,sprite=,preserve=True,fill=1,raycast=True,color=RGBA(1.000, 1.000, 1.000, 1.000)];Button[interactable=True,target=ResearchShortcut]
SafeArea/ResearchShortcut/Label	0	False	False	(0.000, 0.000)	(1.000, 1.000)	(0.500, 0.500)	(0.000, 0.000)	(0.000, 0.000)	(1.000, 1.000, 1.000)	(246.000, 186.000)	Text[name=Label,value=,font=Noto Sans CJK KR,fontSize=27,align=MiddleCenter,raycast=True,color=RGBA(1.000, 1.000, 1.000, 1.000)]
SafeArea/ResearchShortcut/ResearchCompletionBadge	3	True	True	(1.000, 1.000)	(1.000, 1.000)	(0.500, 0.500)	(-27.000, -27.000)	(48.000, 48.000)	(1.000, 1.000, 1.000)	(48.000, 48.000)	Image[type=Simple,sprite=,preserve=True,fill=1,raycast=False,color=RGBA(1.000, 1.000, 1.000, 1.000)]
SafeArea/ResearchShortcut/ResearchShortcutIcon	1	True	True	(0.500, 0.500)	(0.500, 0.500)	(0.500, 0.500)	(0.000, 0.000)	(116.000, 116.000)	(1.000, 1.000, 1.000)	(116.000, 116.000)	Image[type=Simple,sprite=,preserve=True,fill=1,raycast=False,color=RGBA(1.000, 1.000, 1.000, 1.000)]
SafeArea/ResearchShortcut/ResearchShortcutText	2	True	True	(0.500, 0.500)	(0.500, 0.500)	(0.500, 0.500)	(0.000, 70.000)	(204.000, 36.000)	(1.000, 1.000, 1.000)	(204.000, 36.000)	Text[name=ResearchShortcutText,value=연구,font=Noto Sans CJK KR,fontSize=18,align=MiddleCenter,raycast=True,color=RGBA(1.000, 1.000, 1.000, 1.000)]
SafeArea/RewardedAdButton	11	True	True	(0.500, 1.000)	(0.500, 1.000)	(0.500, 0.500)	(337.000, -192.000)	(48.000, 48.000)	(1.000, 1.000, 1.000)	(48.000, 48.000)	Image[type=Simple,sprite=null,preserve=False,fill=1,raycast=True,color=RGBA(0.000, 0.000, 0.000, 0.000)];Button[interactable=True,target=RewardedAdButton]
SafeArea/RewardedAdButton/Label	0	False	False	(0.000, 0.000)	(1.000, 1.000)	(0.500, 0.500)	(5.000, 0.000)	(-142.000, 0.000)	(1.000, 1.000, 1.000)	(-94.000, 48.000)	Text[name=Label,value=+700 C,font=Noto Sans CJK KR,fontSize=30,align=MiddleCenter,raycast=True,color=RGBA(1.000, 1.000, 1.000, 1.000)]
SafeArea/RewardedAdButton/PlusIcon	2	True	True	(0.500, 0.500)	(0.500, 0.500)	(0.500, 0.500)	(0.000, 0.000)	(46.000, 46.000)	(1.000, 1.000, 1.000)	(46.000, 46.000)	Image[type=Simple,sprite=,preserve=True,fill=1,raycast=False,color=RGBA(1.000, 1.000, 1.000, 1.000)]
SafeArea/RewardedAdButton/VideoIcon	1	False	False	(0.000, 0.000)	(0.000, 1.000)	(0.500, 0.500)	(66.000, 0.000)	(84.000, -4.000)	(1.000, 1.000, 1.000)	(84.000, 44.000)	Image[type=Simple,sprite=,preserve=True,fill=1,raycast=False,color=RGBA(1.000, 1.000, 1.000, 1.000)]
SafeArea/RobotButton	18	True	True	(0.500, 0.000)	(0.500, 0.000)	(0.500, 0.500)	(327.000, 420.000)	(302.000, 330.000)	(1.000, 1.000, 1.000)	(302.000, 330.000)	Image[type=Simple,sprite=,preserve=True,fill=1,raycast=True,color=RGBA(1.000, 1.000, 1.000, 1.000)];Button[interactable=True,target=RobotButton]
SafeArea/RobotButton/CostIcon	5	True	True	(0.500, 0.500)	(0.500, 0.500)	(0.500, 0.500)	(-60.200, -124.600)	(38.000, 38.000)	(1.000, 1.000, 1.000)	(38.000, 38.000)	Image[type=Simple,sprite=,preserve=True,fill=1,raycast=False,color=RGBA(1.000, 1.000, 1.000, 1.000)]
SafeArea/RobotButton/CostText	6	True	True	(0.500, 0.500)	(0.500, 0.500)	(0.500, 0.500)	(11.800, -120.700)	(140.000, 42.000)	(1.000, 1.000, 1.000)	(140.000, 42.000)	Text[name=CostText,value=<color=#FFD75A>33.6K</color>,font=Noto Sans CJK KR,fontSize=26,align=MiddleCenter,raycast=True,color=RGBA(1.000, 0.840, 0.350, 1.000)]
SafeArea/RobotButton/Label	0	True	True	(0.500, 0.500)	(0.500, 0.500)	(0.500, 0.500)	(0.000, -35.000)	(250.000, 42.000)	(1.000, 1.000, 1.000)	(250.000, 42.000)	Text[name=Label,value=<color=#FFFFFF>Lv. 13</color>,font=Noto Sans CJK KR,fontSize=27,align=MiddleCenter,raycast=True,color=RGBA(1.000, 1.000, 1.000, 1.000)]
SafeArea/RobotButton/LevelPip1	2	False	False	(0.500, 0.000)	(0.500, 0.000)	(0.500, 0.500)	(-52.000, 196.000)	(44.000, 20.000)	(1.000, 1.000, 1.000)	(44.000, 20.000)	Image[type=Simple,sprite=,preserve=False,fill=1,raycast=True,color=RGBA(1.000, 0.700, 0.160, 1.000)]
SafeArea/RobotButton/LevelPip2	3	False	False	(0.500, 0.000)	(0.500, 0.000)	(0.500, 0.500)	(0.000, 196.000)	(44.000, 20.000)	(1.000, 1.000, 1.000)	(44.000, 20.000)	Image[type=Simple,sprite=,preserve=False,fill=1,raycast=True,color=RGBA(0.035, 0.080, 0.180, 0.950)]
SafeArea/RobotButton/LevelPip3	4	False	False	(0.500, 0.000)	(0.500, 0.000)	(0.500, 0.500)	(52.000, 196.000)	(44.000, 20.000)	(1.000, 1.000, 1.000)	(44.000, 20.000)	Image[type=Simple,sprite=,preserve=False,fill=1,raycast=True,color=RGBA(0.035, 0.080, 0.180, 0.950)]
SafeArea/RobotButton/RecommendationBadge	8	False	False	(1.000, 1.000)	(1.000, 1.000)	(0.500, 0.500)	(-34.000, -34.000)	(54.000, 54.000)	(1.000, 1.000, 1.000)	(54.000, 54.000)	Image[type=Simple,sprite=,preserve=True,fill=1,raycast=False,color=RGBA(1.000, 1.000, 1.000, 1.000)]
SafeArea/RobotButton/RobotIcon	1	True	True	(0.500, 0.500)	(0.500, 0.500)	(0.500, 0.500)	(0.000, 68.000)	(117.000, 156.000)	(1.000, 1.000, 1.000)	(117.000, 156.000)	RawImage[texture=27_RobotEquipmentIcon,uv=(x:0.00, y:0.00, width:1.00, height:1.00),raycast=False,color=RGBA(1.000, 1.000, 1.000, 1.000)]
SafeArea/RobotButton/UpgradeAction	7	True	True	(0.500, 0.500)	(0.500, 0.500)	(0.500, 0.500)	(101.000, -128.000)	(48.000, 48.000)	(1.000, 1.000, 1.000)	(48.000, 48.000)	Image[type=Simple,sprite=null,preserve=False,fill=1,raycast=True,color=RGBA(0.000, 0.000, 0.000, 0.000)]
SafeArea/RobotButton/UpgradeAction/UpgradeArrow	0	True	True	(0.500, 0.500)	(0.500, 0.500)	(0.500, 0.500)	(0.000, 0.000)	(46.000, 46.000)	(1.000, 1.000, 1.000)	(46.000, 46.000)	Image[type=Simple,sprite=,preserve=True,fill=1,raycast=False,color=RGBA(1.000, 1.000, 1.000, 1.000)]
SafeArea/SettingsButton	9	True	True	(0.500, 1.000)	(0.500, 1.000)	(0.500, 0.500)	(403.000, -189.000)	(84.000, 84.000)	(1.000, 1.000, 1.000)	(84.000, 84.000)	Image[type=Simple,sprite=,preserve=True,fill=1,raycast=True,color=RGBA(1.000, 1.000, 1.000, 1.000)];Button[interactable=True,target=SettingsButton]
SafeArea/SettingsButton/Label	0	False	False	(0.000, 0.000)	(1.000, 1.000)	(0.500, 0.500)	(0.000, 0.000)	(0.000, 0.000)	(1.000, 1.000, 1.000)	(84.000, 84.000)	Text[name=Label,value=,font=Noto Sans CJK KR,fontSize=27,align=MiddleCenter,raycast=True,color=RGBA(1.000, 1.000, 1.000, 1.000)]
SafeArea/SettingsButton/SettingsIcon	1	False	False	(0.500, 0.500)	(0.500, 0.500)	(0.500, 0.500)	(0.000, 0.000)	(74.000, 74.000)	(1.000, 1.000, 1.000)	(74.000, 74.000)	Image[type=Simple,sprite=,preserve=True,fill=1,raycast=False,color=RGBA(1.000, 1.000, 1.000, 1.000)]
SafeArea/SuccessSpark1	27	False	False	(0.500, 0.500)	(0.500, 0.500)	(0.500, 0.500)	(445.000, -680.625)	(20.000, 20.000)	(0.350, 0.350, 0.350)	(20.000, 20.000)	Image[type=Simple,sprite=null,preserve=False,fill=1,raycast=False,color=RGBA(1.000, 0.700, 0.160, 0.000)]
SafeArea/SuccessSpark2	28	False	False	(0.500, 0.500)	(0.500, 0.500)	(0.500, 0.500)	(424.581, -583.044)	(13.000, 13.000)	(0.350, 0.350, 0.350)	(13.000, 13.000)	Image[type=Simple,sprite=null,preserve=False,fill=1,raycast=False,color=RGBA(1.000, 0.700, 0.160, 0.000)]
SafeArea/SuccessSpark3	29	False	False	(0.500, 0.500)	(0.500, 0.500)	(0.500, 0.500)	(327.000, -562.625)	(20.000, 20.000)	(0.350, 0.350, 0.350)	(20.000, 20.000)	Image[type=Simple,sprite=null,preserve=False,fill=1,raycast=False,color=RGBA(1.000, 0.700, 0.160, 0.000)]
SafeArea/SuccessSpark4	30	False	False	(0.500, 0.500)	(0.500, 0.500)	(0.500, 0.500)	(229.419, -583.044)	(13.000, 13.000)	(0.350, 0.350, 0.350)	(13.000, 13.000)	Image[type=Simple,sprite=null,preserve=False,fill=1,raycast=False,color=RGBA(1.000, 0.700, 0.160, 0.000)]
SafeArea/SuccessSpark5	31	False	False	(0.500, 0.500)	(0.500, 0.500)	(0.500, 0.500)	(209.000, -680.625)	(20.000, 20.000)	(0.350, 0.350, 0.350)	(20.000, 20.000)	Image[type=Simple,sprite=null,preserve=False,fill=1,raycast=False,color=RGBA(1.000, 0.700, 0.160, 0.000)]
SafeArea/SuccessSpark6	32	False	False	(0.500, 0.500)	(0.500, 0.500)	(0.500, 0.500)	(229.419, -778.206)	(13.000, 13.000)	(0.350, 0.350, 0.350)	(13.000, 13.000)	Image[type=Simple,sprite=null,preserve=False,fill=1,raycast=False,color=RGBA(1.000, 0.700, 0.160, 0.000)]
SafeArea/SuccessSpark7	33	False	False	(0.500, 0.500)	(0.500, 0.500)	(0.500, 0.500)	(327.000, -798.625)	(20.000, 20.000)	(0.350, 0.350, 0.350)	(20.000, 20.000)	Image[type=Simple,sprite=null,preserve=False,fill=1,raycast=False,color=RGBA(1.000, 0.700, 0.160, 0.000)]
SafeArea/SuccessSpark8	34	False	False	(0.500, 0.500)	(0.500, 0.500)	(0.500, 0.500)	(424.581, -778.206)	(13.000, 13.000)	(0.350, 0.350, 0.350)	(13.000, 13.000)	Image[type=Simple,sprite=null,preserve=False,fill=1,raycast=False,color=RGBA(1.000, 0.700, 0.160, 0.000)]
SafeArea/TopSurface	0	True	True	(0.500, 1.000)	(0.500, 1.000)	(0.500, 0.500)	(0.000, -189.000)	(972.000, 162.000)	(1.000, 1.000, 1.000)	(972.000, 162.000)	Image[type=Simple,sprite=,preserve=True,fill=1,raycast=False,color=RGBA(1.000, 1.000, 1.000, 1.000)]
SafeArea/UpgradeSurface	2	True	True	(0.500, 0.160)	(0.500, 0.160)	(0.500, 0.500)	(0.000, 0.000)	(968.000, 470.000)	(1.000, 1.000, 1.000)	(968.000, 470.000)	Image[type=Simple,sprite=null,preserve=False,fill=1,raycast=False,color=RGBA(0.000, 0.000, 0.000, 0.000)]
